"First Name","Last Name","Email","Contact #","Status"
"Barrett","Wehner","Barrett4@mailinator.com","+1 (943) 766-7804","Active"
"Eladio","Kassulke","Eladio.Kassulke0@mailinator.com","+1 (196) 922-9220","Active"
"Greyson","Langworth","Greyson.Langworth@mailinator.com","+1 (364) 696-2789","Active"
"Lawson","Ryan","Lawson_Ryan46@mailinator.com","+1 (128) 825-0199","Active"
"Federico","Zemlak","Federico.Zemlak2@mailinator.com","+1 (480) 845-3101","Active"
"Jesus","Hills","Jesus2@mailinator.com","+1 (775) 493-4036","Active"
"AmFooDTester","amf","amfoodTester@yopmail.com","+1 (564) 656-5566","Active"
"Elon","Musk","elon.musk@yopmail.com","+92 (336) 654 1253","Active"
"Paula Whitaker","Ronan Allen","keroqezu@mailinator.com","+1 (391) 903-5799","Active"
"hasannewCard","Card","hasancardd@yopmail.com","+1 (465) 666-5785","Active"